image_id,filepath,filename,crop,class_label,dataset_source,existing_partition,batch_id,file_size_bytes,sha256,phash,width,height,mode,format,is_corrupt,group_id,family_size,partition,class_idx,selection_reason
clean_train_early_blight_67374,clean_dataset\potato_dataset\train\early_blight\67374.jpg,67374.jpg,potato,early_blight,clean_dataset,train,PV_Batch_67k_69k,29028,f595d577defd80d0fa509f7656d1307cebd4658fb5a710d6eba42b4925b1fb54,aab5b54ab80bd0ad,224,224,RGB,JPEG,False,potato__early_blight__grp_00003,1,val,0,Held-out validation sample for LiteRT conversion parity check (first 100 deterministic val samples)
clean_train_early_blight_67386,clean_dataset\potato_dataset\train\early_blight\67386.jpg,67386.jpg,potato,early_blight,clean_dataset,train,PV_Batch_67k_69k,33075,1e3fd29b96edc81d9b86f2bad68646e2705fe3c9e2a69c2c7624c7fb573c83a9,d54a283597329e9b,224,224,RGB,JPEG,False,potato__early_blight__grp_00010,1,val,0,Held-out validation sample for LiteRT conversion parity check (first 100 deterministic val samples)
clean_train_early_blight_67387,clean_dataset\potato_dataset\train\early_blight\67387.jpg,67387.jpg,potato,early_blight,clean_dataset,train,PV_Batch_67k_69k,32345,ae6b0316adc51fb5bbf8ee229db37a9a9decaf7efe0582924d9ae804d30a08af,d555324659ea3a2b,224,224,RGB,JPEG,False,potato__early_blight__grp_00011,1,val,0,Held-out validation sample for LiteRT conversion parity check (first 100 deterministic val samples)
clean_train_early_blight_67393,clean_dataset\potato_dataset\train\early_blight\67393.jpg,67393.jpg,potato,early_blight,clean_dataset,train,PV_Batch_67k_69k,32623,87ae9dfc0fa4aa2db9b94aaeb5da25eebc98c07863d1cff9635b073d163c7407,aa4ef06b636f4864,224,224,RGB,JPEG,False,potato__early_blight__grp_00014,1,val,0,Held-out validation sample for LiteRT conversion parity check (first 100 deterministic val samples)
clean_train_early_blight_67398,clean_dataset\potato_dataset\train\early_blight\67398.jpg,67398.jpg,potato,early_blight,clean_dataset,train,PV_Batch_67k_69k,29643,30ada51f93e045cbf6969fc897dbc009f7ac19ff9f3137b8ecb96e7c796cf44c,a284f4fbd96cc550,224,224,RGB,JPEG,False,potato__early_blight__grp_00016,1,val,0,Held-out validation sample for LiteRT conversion parity check (first 100 deterministic val samples)
clean_train_early_blight_67410,clean_dataset\potato_dataset\train\early_blight\67410.jpg,67410.jpg,potato,early_blight,clean_dataset,train,PV_Batch_67k_69k,30742,ce289662c44631b6ffb52cd59e13e1486b2e2c2a554c0454fdd45d11d654cde8,d6a46ab515562b6a,224,224,RGB,JPEG,False,potato__early_blight__grp_00023,1,val,0,Held-out validation sample for LiteRT conversion parity check (first 100 deterministic val samples)
clean_train_early_blight_67413,clean_dataset\potato_dataset\train\early_blight\67413.jpg,67413.jpg,potato,early_blight,clean_dataset,train,PV_Batch_67k_69k,29148,ab63750ba4530b1181eb46bb623e6abf241557ccc25205150bb6b985721d7f8d,eae464bbc6319cc2,224,224,RGB,JPEG,False,potato__early_blight__grp_00026,1,val,0,Held-out validation sample for LiteRT conversion parity check (first 100 deterministic val samples)
clean_train_early_blight_67429,clean_dataset\potato_dataset\train\early_blight\67429.jpg,67429.jpg,potato,early_blight,clean_dataset,train,PV_Batch_67k_69k,31888,2aefd73a5e33b9899b10bbc2c7774989a60a503e3b922ae98c4802509f95ada6,dd3972d6c2cc85c2,224,224,RGB,JPEG,False,potato__early_blight__grp_00036,1,val,0,Held-out validation sample for LiteRT conversion parity check (first 100 deterministic val samples)
clean_train_early_blight_67434,clean_dataset\potato_dataset\train\early_blight\67434.jpg,67434.jpg,potato,early_blight,clean_dataset,train,PV_Batch_67k_69k,31278,8d3288ccbd5a78f94a2e2b9757f853283f15c448c1d3f505c9b9ffccb4d4b682,d7faeaa185179450,224,224,RGB,JPEG,False,potato__early_blight__grp_00040,1,val,0,Held-out validation sample for LiteRT conversion parity check (first 100 deterministic val samples)
clean_train_early_blight_67465,clean_dataset\potato_dataset\train\early_blight\67465.jpg,67465.jpg,potato,early_blight,clean_dataset,train,PV_Batch_67k_69k,30069,3316a0c5299e3d7ef2cb0ea126554fea6ed565314d99cda5f47b12d1794d18ab,fb2f2534921a9b89,224,224,RGB,JPEG,False,potato__early_blight__grp_00060,1,val,0,Held-out validation sample for LiteRT conversion parity check (first 100 deterministic val samples)
clean_train_early_blight_67470,clean_dataset\potato_dataset\train\early_blight\67470.jpg,67470.jpg,potato,early_blight,clean_dataset,train,PV_Batch_67k_69k,30532,218413ff2c734c0719a45b660429ddef4fa9e29dff572a0332d6a2986f5ee384,847ed100df199fb8,224,224,RGB,JPEG,False,potato__early_blight__grp_00064,1,val,0,Held-out validation sample for LiteRT conversion parity check (first 100 deterministic val samples)
clean_train_early_blight_67548,clean_dataset\potato_dataset\train\early_blight\67548.jpg,67548.jpg,potato,early_blight,clean_dataset,train,PV_Batch_67k_69k,32944,370b1b8aa2e6df84cf1f9daece7fb66d78fa51758a5823cc9ba9bab62638c864,af97f49ac0d8c960,224,224,RGB,JPEG,False,potato__early_blight__grp_00115,1,val,0,Held-out validation sample for LiteRT conversion parity check (first 100 deterministic val samples)
clean_train_early_blight_67552,clean_dataset\potato_dataset\train\early_blight\67552.jpg,67552.jpg,potato,early_blight,clean_dataset,train,PV_Batch_67k_69k,30225,2f005e525292312ffe401baad7e09a9181c428ed91307b9452026a15d8279ee9,df70e04785ac95b1,224,224,RGB,JPEG,False,potato__early_blight__grp_00118,1,val,0,Held-out validation sample for LiteRT conversion parity check (first 100 deterministic val samples)
clean_train_early_blight_67562,clean_dataset\potato_dataset\train\early_blight\67562.jpg,67562.jpg,potato,early_blight,clean_dataset,train,PV_Batch_67k_69k,29391,d6eeaafeddb376f0c8ffcfe343da2ffcdd13de89dfba7c3f53f6a79b66fbd446,eb90a1cbb5cb128d,224,224,RGB,JPEG,False,potato__early_blight__grp_00124,1,val,0,Held-out validation sample for LiteRT conversion parity check (first 100 deterministic val samples)
clean_train_early_blight_67577,clean_dataset\potato_dataset\train\early_blight\67577.jpg,67577.jpg,potato,early_blight,clean_dataset,train,PV_Batch_67k_69k,33807,e0c6bf3ccb995c0b77634513bdba47d80c443c346e63423b1f1371b017802b04,82673fd0d81ac16f,224,224,RGB,JPEG,False,potato__early_blight__grp_00136,1,val,0,Held-out validation sample for LiteRT conversion parity check (first 100 deterministic val samples)
clean_train_early_blight_67584,clean_dataset\potato_dataset\train\early_blight\67584.jpg,67584.jpg,potato,early_blight,clean_dataset,train,PV_Batch_67k_69k,30160,fc5ce923f26443984da4d99b5a9fba6cb6ab6411233c9b2ff85e3b4a7f3b842a,ff63e04d872c9c30,224,224,RGB,JPEG,False,potato__early_blight__grp_00141,1,val,0,Held-out validation sample for LiteRT conversion parity check (first 100 deterministic val samples)
clean_train_early_blight_67585,clean_dataset\potato_dataset\train\early_blight\67585.jpg,67585.jpg,potato,early_blight,clean_dataset,train,PV_Batch_67k_69k,29810,be575a3eb272ffd820bce2376e8f253ef90930869d03effa1007e380131bf2e6,d52ba775b4729888,224,224,RGB,JPEG,False,potato__early_blight__grp_00142,1,val,0,Held-out validation sample for LiteRT conversion parity check (first 100 deterministic val samples)
clean_train_early_blight_67597,clean_dataset\potato_dataset\train\early_blight\67597.jpg,67597.jpg,potato,early_blight,clean_dataset,train,PV_Batch_67k_69k,32645,d76c90cf76a373b7ef1c5e7683b80bdef5ec79a74c0613b0335f8dc9b78469bc,d6d4e1a38a1eb8b2,224,224,RGB,JPEG,False,potato__early_blight__grp_00150,1,val,0,Held-out validation sample for LiteRT conversion parity check (first 100 deterministic val samples)
clean_train_early_blight_67625,clean_dataset\potato_dataset\train\early_blight\67625.jpg,67625.jpg,potato,early_blight,clean_dataset,train,PV_Batch_67k_69k,34632,3c3acb72889cf9e0b543a7aa0b1c0442b9c98397cf593a1c4fee08024066534a,d5087a1fa15c97e2,224,224,RGB,JPEG,False,potato__early_blight__grp_00167,1,val,0,Held-out validation sample for LiteRT conversion parity check (first 100 deterministic val samples)
clean_train_early_blight_67645,clean_dataset\potato_dataset\train\early_blight\67645.jpg,67645.jpg,potato,early_blight,clean_dataset,train,PV_Batch_67k_69k,30921,dc4ee5fd426f19509e2c59731e6fde35207ff20a76d3fa5e58fe27cc7707b407,af3791d8da1aa170,224,224,RGB,JPEG,False,potato__early_blight__grp_00184,1,val,0,Held-out validation sample for LiteRT conversion parity check (first 100 deterministic val samples)
clean_train_early_blight_67647,clean_dataset\potato_dataset\train\early_blight\67647.jpg,67647.jpg,potato,early_blight,clean_dataset,train,PV_Batch_67k_69k,36390,17a71624d8c14b490cde84ff000f6d0134b7bb8a6656c39b2efdce2629132ffe,ffe8e2059732921a,224,224,RGB,JPEG,False,potato__early_blight__grp_00185,1,val,0,Held-out validation sample for LiteRT conversion parity check (first 100 deterministic val samples)
clean_train_early_blight_67652,clean_dataset\potato_dataset\train\early_blight\67652.jpg,67652.jpg,potato,early_blight,clean_dataset,train,PV_Batch_67k_69k,31253,fb55145670fa3431fb9ccc903bae2f0665e47d6f7e5867ae6abcb7688ca12299,fb87e0e895a4c623,224,224,RGB,JPEG,False,potato__early_blight__grp_00189,1,val,0,Held-out validation sample for LiteRT conversion parity check (first 100 deterministic val samples)
clean_train_early_blight_67672,clean_dataset\potato_dataset\train\early_blight\67672.jpg,67672.jpg,potato,early_blight,clean_dataset,train,PV_Batch_67k_69k,28159,24a0087e9236958be7280c3a3a4861616e07bd203fbed2bea1d804e6dfbf6fbe,e8d2a6cd35c14a9d,224,224,RGB,JPEG,False,potato__early_blight__grp_00204,1,val,0,Held-out validation sample for LiteRT conversion parity check (first 100 deterministic val samples)
clean_train_early_blight_67682,clean_dataset\potato_dataset\train\early_blight\67682.jpg,67682.jpg,potato,early_blight,clean_dataset,train,PV_Batch_67k_69k,29805,17dba426a7090055733f99e88e9f206bf42348d5eb5d8bb6d6d95e5acefe7217,fcc134cf1a64d913,224,224,RGB,JPEG,False,potato__early_blight__grp_00209,1,val,0,Held-out validation sample for LiteRT conversion parity check (first 100 deterministic val samples)
clean_train_early_blight_67696,clean_dataset\potato_dataset\train\early_blight\67696.jpg,67696.jpg,potato,early_blight,clean_dataset,train,PV_Batch_67k_69k,33141,72f3ba1635d0ad3b205b71bc5fb1f34d870b843f8a3d9a004e597d1152534ee7,aa52b549b68f984d,224,224,RGB,JPEG,False,potato__early_blight__grp_00222,1,val,0,Held-out validation sample for LiteRT conversion parity check (first 100 deterministic val samples)
clean_train_early_blight_67699,clean_dataset\potato_dataset\train\early_blight\67699.jpg,67699.jpg,potato,early_blight,clean_dataset,train,PV_Batch_67k_69k,29170,215560f3c6fe77c2f416f8f55297a81ce7734d9beaf40605e11047e2ef3ed59b,ea9a25cb1acc3965,224,224,RGB,JPEG,False,potato__early_blight__grp_00224,1,val,0,Held-out validation sample for LiteRT conversion parity check (first 100 deterministic val samples)
clean_train_early_blight_67703,clean_dataset\potato_dataset\train\early_blight\67703.jpg,67703.jpg,potato,early_blight,clean_dataset,train,PV_Batch_67k_69k,31962,e3c01dd6d0ecd1c066cf1dfdbf6ed3b428e707e314e4425e572ee8f30aa82b27,aee4a4cad42d9b98,224,224,RGB,JPEG,False,potato__early_blight__grp_00228,1,val,0,Held-out validation sample for LiteRT conversion parity check (first 100 deterministic val samples)
clean_train_early_blight_67704,clean_dataset\potato_dataset\train\early_blight\67704.jpg,67704.jpg,potato,early_blight,clean_dataset,train,PV_Batch_67k_69k,28989,1d2a0b8664fbfbfb92c3f8f733261f0b8b9c67d67f2f4ae7979b55ab40e643f9,f8c08bda9cb3b225,224,224,RGB,JPEG,False,potato__early_blight__grp_00229,1,val,0,Held-out validation sample for LiteRT conversion parity check (first 100 deterministic val samples)
clean_train_early_blight_67706,clean_dataset\potato_dataset\train\early_blight\67706.jpg,67706.jpg,potato,early_blight,clean_dataset,train,PV_Batch_67k_69k,31392,79c34ca3df3af64f4931f5a0798bf607ebc217b5e177f4f622afd4aafd556eb3,fa58634e3849916f,224,224,RGB,JPEG,False,potato__early_blight__grp_00231,1,val,0,Held-out validation sample for LiteRT conversion parity check (first 100 deterministic val samples)
clean_train_early_blight_67714,clean_dataset\potato_dataset\train\early_blight\67714.jpg,67714.jpg,potato,early_blight,clean_dataset,train,PV_Batch_67k_69k,29246,e914c436034e0d01927eaaca62cac8fc65dfa623b2d6b7ebe60f498e656f04ec,8380349743fccf79,224,224,RGB,JPEG,False,potato__early_blight__grp_00235,1,val,0,Held-out validation sample for LiteRT conversion parity check (first 100 deterministic val samples)
clean_train_early_blight_67747,clean_dataset\potato_dataset\train\early_blight\67747.jpg,67747.jpg,potato,early_blight,clean_dataset,train,PV_Batch_67k_69k,33811,b61bba0a77707d4b0a3a61be43f9c0ea9d05dd8b8fdd853ce5ef73f04ad3c985,8adaa5e996809f17,224,224,RGB,JPEG,False,potato__early_blight__grp_00254,1,val,0,Held-out validation sample for LiteRT conversion parity check (first 100 deterministic val samples)
clean_train_early_blight_67778,clean_dataset\potato_dataset\train\early_blight\67778.jpg,67778.jpg,potato,early_blight,clean_dataset,train,PV_Batch_67k_69k,29635,6c8834fbda978eb7d1b238699d634aa9dcbebf1060b758edc2c45089c8da2d47,d7a1e897a556245a,224,224,RGB,JPEG,False,potato__early_blight__grp_00274,1,val,0,Held-out validation sample for LiteRT conversion parity check (first 100 deterministic val samples)
clean_train_early_blight_67802,clean_dataset\potato_dataset\train\early_blight\67802.jpg,67802.jpg,potato,early_blight,clean_dataset,train,PV_Batch_67k_69k,33593,44730c276a248926e4ec8117910fbc8f38c7b8421f40e9b2a8396a069a822efc,eaf2e4cb9a299a30,224,224,RGB,JPEG,False,potato__early_blight__grp_00294,1,val,0,Held-out validation sample for LiteRT conversion parity check (first 100 deterministic val samples)
clean_train_early_blight_67807,clean_dataset\potato_dataset\train\early_blight\67807.jpg,67807.jpg,potato,early_blight,clean_dataset,train,PV_Batch_67k_69k,29422,ca656a0a5a14d4b4b9dc1136ba64227cbe6425426924c6d7aebba39def86a451,deb4e883adcca584,224,224,RGB,JPEG,False,potato__early_blight__grp_00298,1,val,0,Held-out validation sample for LiteRT conversion parity check (first 100 deterministic val samples)
clean_train_early_blight_67824,clean_dataset\potato_dataset\train\early_blight\67824.jpg,67824.jpg,potato,early_blight,clean_dataset,train,PV_Batch_67k_69k,30827,d07f2b4ab49f8c0e344888015d023a183c1b4e729edcbf5ad41ebfa36d550406,fc41e33d956692b0,224,224,RGB,JPEG,False,potato__early_blight__grp_00310,1,val,0,Held-out validation sample for LiteRT conversion parity check (first 100 deterministic val samples)
clean_train_early_blight_67835,clean_dataset\potato_dataset\train\early_blight\67835.jpg,67835.jpg,potato,early_blight,clean_dataset,train,PV_Batch_67k_69k,29758,7d0f96894241d3366a9e5fcec7f4e8f71dc29375be30771c4e684accd0768e6d,f572aae2c78c8c1c,224,224,RGB,JPEG,False,potato__early_blight__grp_00318,1,val,0,Held-out validation sample for LiteRT conversion parity check (first 100 deterministic val samples)
clean_train_early_blight_67837,clean_dataset\potato_dataset\train\early_blight\67837.jpg,67837.jpg,potato,early_blight,clean_dataset,train,PV_Batch_67k_69k,33766,b42bbb6325f7121cb4e7e5b6ac84cd1145d9c27a33d3d46219bc6a4aaf1e2785,f555ca521ceae229,224,224,RGB,JPEG,False,potato__early_blight__grp_00320,1,val,0,Held-out validation sample for LiteRT conversion parity check (first 100 deterministic val samples)
clean_train_early_blight_67839,clean_dataset\potato_dataset\train\early_blight\67839.jpg,67839.jpg,potato,early_blight,clean_dataset,train,PV_Batch_67k_69k,30298,7eb29fd99fab3709157d4639faeb3ab00fc119a5b479821c010b45c45cfbae8b,ba9cf0da80c9c7a5,224,224,RGB,JPEG,False,potato__early_blight__grp_00322,1,val,0,Held-out validation sample for LiteRT conversion parity check (first 100 deterministic val samples)
clean_train_early_blight_67844,clean_dataset\potato_dataset\train\early_blight\67844.jpg,67844.jpg,potato,early_blight,clean_dataset,train,PV_Batch_67k_69k,33974,1b79c406ef45b052d6823d9fae2a6468b34afac6f186ed3cef6bb5333789fd3a,f929319cc6721b69,224,224,RGB,JPEG,False,potato__early_blight__grp_00326,1,val,0,Held-out validation sample for LiteRT conversion parity check (first 100 deterministic val samples)
clean_train_early_blight_67857,clean_dataset\potato_dataset\train\early_blight\67857.jpg,67857.jpg,potato,early_blight,clean_dataset,train,PV_Batch_67k_69k,32910,a7ed529b566d29ebe97adbd61b5ed6f5211ad8d3f33549e57722c6ae420cb370,8880de4bec6fe352,224,224,RGB,JPEG,False,potato__early_blight__grp_00334,1,val,0,Held-out validation sample for LiteRT conversion parity check (first 100 deterministic val samples)
clean_train_early_blight_67862,clean_dataset\potato_dataset\train\early_blight\67862.jpg,67862.jpg,potato,early_blight,clean_dataset,train,PV_Batch_67k_69k,33706,19695ea3c2062ad1cf17d1f574442b5c73e9e51128fc7a85e83481f261703403,d7a57295a196499a,224,224,RGB,JPEG,False,potato__early_blight__grp_00338,1,val,0,Held-out validation sample for LiteRT conversion parity check (first 100 deterministic val samples)
clean_train_early_blight_67874,clean_dataset\potato_dataset\train\early_blight\67874.jpg,67874.jpg,potato,early_blight,clean_dataset,train,PV_Batch_67k_69k,32698,fca90d97e5b4f134a35e129e077c223bdaada754a35c2b801189c481927f88e6,be9d85b4da42c949,224,224,RGB,JPEG,False,potato__early_blight__grp_00348,1,val,0,Held-out validation sample for LiteRT conversion parity check (first 100 deterministic val samples)
clean_train_early_blight_67892,clean_dataset\potato_dataset\train\early_blight\67892.jpg,67892.jpg,potato,early_blight,clean_dataset,train,PV_Batch_67k_69k,31596,619b4b83b07d28eedcd1b711801670cc1925cff3d1b021fd8cbc7c2be9b5919d,b7c16e93304f318e,224,224,RGB,JPEG,False,potato__early_blight__grp_00364,1,val,0,Held-out validation sample for LiteRT conversion parity check (first 100 deterministic val samples)
clean_train_early_blight_67898,clean_dataset\potato_dataset\train\early_blight\67898.jpg,67898.jpg,potato,early_blight,clean_dataset,train,PV_Batch_67k_69k,31531,f4a9fcb9fc50aeaa86c41c3297423186990d818721aaef1d77c2331fec6cb6fc,afe0f507c03f8a38,224,224,RGB,JPEG,False,potato__early_blight__grp_00368,1,val,0,Held-out validation sample for LiteRT conversion parity check (first 100 deterministic val samples)
clean_train_early_blight_67899,clean_dataset\potato_dataset\train\early_blight\67899.jpg,67899.jpg,potato,early_blight,clean_dataset,train,PV_Batch_67k_69k,30053,0f20608cbe858b6d9ab3c261dd0b3e6f1246ac5d6569a452b9a37be47fa3c55d,b889fd1783788f41,224,224,RGB,JPEG,False,potato__early_blight__grp_00369,1,val,0,Held-out validation sample for LiteRT conversion parity check (first 100 deterministic val samples)
clean_train_early_blight_67909,clean_dataset\potato_dataset\train\early_blight\67909.jpg,67909.jpg,potato,early_blight,clean_dataset,train,PV_Batch_67k_69k,29954,61c3787f2f152651777065c8825766ee432af3b823e876a9fd7646de97dec116,af97c59ac16485e2,224,224,RGB,JPEG,False,potato__early_blight__grp_00377,1,val,0,Held-out validation sample for LiteRT conversion parity check (first 100 deterministic val samples)
clean_train_early_blight_67913,clean_dataset\potato_dataset\train\early_blight\67913.jpg,67913.jpg,potato,early_blight,clean_dataset,train,PV_Batch_67k_69k,32583,e77d3f0bfca64d13e5e34e4ff774956a3deca27b71ccbaf01293bbdb6b8efd1f,a0201d99fc5fa07f,224,224,RGB,JPEG,False,potato__early_blight__grp_00381,1,val,0,Held-out validation sample for LiteRT conversion parity check (first 100 deterministic val samples)
clean_train_early_blight_67919,clean_dataset\potato_dataset\train\early_blight\67919.jpg,67919.jpg,potato,early_blight,clean_dataset,train,PV_Batch_67k_69k,30584,c55c8acbbc4e2249327757eaabb889350564dd2ea83c49a1734b8fb744ad2807,aaeae1c595949197,224,224,RGB,JPEG,False,potato__early_blight__grp_00386,1,val,0,Held-out validation sample for LiteRT conversion parity check (first 100 deterministic val samples)
clean_train_early_blight_67958,clean_dataset\potato_dataset\train\early_blight\67958.jpg,67958.jpg,potato,early_blight,clean_dataset,train,PV_Batch_67k_69k,31238,9404a4a7dc595e18ae8a4055091ecc8881215eee2b38af225d46736d5fed677a,ebb0b4956272e19a,224,224,RGB,JPEG,False,potato__early_blight__grp_00411,1,val,0,Held-out validation sample for LiteRT conversion parity check (first 100 deterministic val samples)
clean_train_early_blight_67962,clean_dataset\potato_dataset\train\early_blight\67962.jpg,67962.jpg,potato,early_blight,clean_dataset,train,PV_Batch_67k_69k,32052,1da0849a60a3ee58a8ef26c4f279b716bc122943eb4454882dbc80f78c9f7822,d3b425ca34cd1ac7,224,224,RGB,JPEG,False,potato__early_blight__grp_00414,1,val,0,Held-out validation sample for LiteRT conversion parity check (first 100 deterministic val samples)
clean_train_early_blight_67963,clean_dataset\potato_dataset\train\early_blight\67963.jpg,67963.jpg,potato,early_blight,clean_dataset,train,PV_Batch_67k_69k,31866,4090dc5517c33f8c558cc71efd4f2014e491343a878ba66903ee1d77f52b0468,ed9192cb93679834,224,224,RGB,JPEG,False,potato__early_blight__grp_00415,1,val,0,Held-out validation sample for LiteRT conversion parity check (first 100 deterministic val samples)
clean_train_early_blight_67970,clean_dataset\potato_dataset\train\early_blight\67970.jpg,67970.jpg,potato,early_blight,clean_dataset,train,PV_Batch_67k_69k,31700,0692856ca72e5ee95d5ec181b62d31dd4cb8b9b1ec466d172fd5a636310b38df,c64c28cb93b599b6,224,224,RGB,JPEG,False,potato__early_blight__grp_00419,1,val,0,Held-out validation sample for LiteRT conversion parity check (first 100 deterministic val samples)
clean_train_early_blight_67978,clean_dataset\potato_dataset\train\early_blight\67978.jpg,67978.jpg,potato,early_blight,clean_dataset,train,PV_Batch_67k_69k,30851,50292908f64fea393a4caba354366f6f54d07b0c877c4964d0d9166ba9d5d4fd,bf99b0dab098c7c0,224,224,RGB,JPEG,False,potato__early_blight__grp_00426,1,val,0,Held-out validation sample for LiteRT conversion parity check (first 100 deterministic val samples)
clean_train_early_blight_67999,clean_dataset\potato_dataset\train\early_blight\67999.jpg,67999.jpg,potato,early_blight,clean_dataset,train,PV_Batch_67k_69k,33118,4153b1852998823f776d06c8fd75f1e21dfa4041fe03c70b20cb110a61061d79,80da3fe0b500779f,224,224,RGB,JPEG,False,potato__early_blight__grp_00441,1,val,0,Held-out validation sample for LiteRT conversion parity check (first 100 deterministic val samples)
clean_train_early_blight_68001,clean_dataset\potato_dataset\train\early_blight\68001.jpg,68001.jpg,potato,early_blight,clean_dataset,train,PV_Batch_67k_69k,32218,262cd6bc4972618ec89df4ad66d045d9c998df7a9b6175edd25dea181a80caf3,ff55f00a9a2e89b0,224,224,RGB,JPEG,False,potato__early_blight__grp_00442,1,val,0,Held-out validation sample for LiteRT conversion parity check (first 100 deterministic val samples)
clean_train_early_blight_68009,clean_dataset\potato_dataset\train\early_blight\68009.jpg,68009.jpg,potato,early_blight,clean_dataset,train,PV_Batch_67k_69k,32583,370f4bc4929ee5b1e4a002a60e9452d05b3e209b7783d1c3a2b9a06c25041523,aa67afcad4a1c017,224,224,RGB,JPEG,False,potato__early_blight__grp_00449,1,val,0,Held-out validation sample for LiteRT conversion parity check (first 100 deterministic val samples)
clean_train_early_blight_68014,clean_dataset\potato_dataset\train\early_blight\68014.jpg,68014.jpg,potato,early_blight,clean_dataset,train,PV_Batch_67k_69k,28328,f349ee3855fdf41dff01ed451b35fa3e96d53bd5dcf78844fd8882dd896ff5c6,89fa96e11f817e03,224,224,RGB,JPEG,False,potato__early_blight__grp_00454,1,val,0,Held-out validation sample for LiteRT conversion parity check (first 100 deterministic val samples)
clean_train_early_blight_68038,clean_dataset\potato_dataset\train\early_blight\68038.jpg,68038.jpg,potato,early_blight,clean_dataset,train,PV_Batch_67k_69k,29312,91cd6c2eef7f417bbbb587303bd0f6ecaeb996fbce0dd6a8310d4a0fd2ed72b6,ae87b09fc3d8e4c0,224,224,RGB,JPEG,False,potato__early_blight__grp_00472,1,val,0,Held-out validation sample for LiteRT conversion parity check (first 100 deterministic val samples)
clean_train_early_blight_68041,clean_dataset\potato_dataset\train\early_blight\68041.jpg,68041.jpg,potato,early_blight,clean_dataset,train,PV_Batch_67k_69k,31684,30a832dc1c28643fbff632a2b0dd7fa40c8c4be9dc47b09c67070cd7d4f2016b,ba85b09ee1d8c738,224,224,RGB,JPEG,False,potato__early_blight__grp_00474,1,val,0,Held-out validation sample for LiteRT conversion parity check (first 100 deterministic val samples)
clean_train_early_blight_68042,clean_dataset\potato_dataset\train\early_blight\68042.jpg,68042.jpg,potato,early_blight,clean_dataset,train,PV_Batch_67k_69k,34597,3355f3238f2d82f5e88afff23959d64d63831977c933297a79c0f313b0c37133,a020bb9fc87ec768,224,224,RGB,JPEG,False,potato__early_blight__grp_00475,1,val,0,Held-out validation sample for LiteRT conversion parity check (first 100 deterministic val samples)
clean_train_early_blight_68044,clean_dataset\potato_dataset\train\early_blight\68044.jpg,68044.jpg,potato,early_blight,clean_dataset,train,PV_Batch_67k_69k,32333,7a105b6ac67441a8b6c88bfb3044645e44e6fd6425acaeebf9d98a4e95ed5f63,ab85b11ec369c671,224,224,RGB,JPEG,False,potato__early_blight__grp_00477,1,val,0,Held-out validation sample for LiteRT conversion parity check (first 100 deterministic val samples)
clean_train_early_blight_68050,clean_dataset\potato_dataset\train\early_blight\68050.jpg,68050.jpg,potato,early_blight,clean_dataset,train,PV_Batch_67k_69k,30057,0c8a64b1ec28b8b91317fa8f4a16953ace1d7e573219501fd364c2e7babb1f8d,eb686869c565cd94,224,224,RGB,JPEG,False,potato__early_blight__grp_00481,1,val,0,Held-out validation sample for LiteRT conversion parity check (first 100 deterministic val samples)
clean_train_early_blight_68053,clean_dataset\potato_dataset\train\early_blight\68053.jpg,68053.jpg,potato,early_blight,clean_dataset,train,PV_Batch_67k_69k,32624,d800b9e343ec9fc8464a88ff3a96a8f7105adb7b9d99fc53cec216f213713e1e,ff8f2094c6384ee1,224,224,RGB,JPEG,False,potato__early_blight__grp_00483,1,val,0,Held-out validation sample for LiteRT conversion parity check (first 100 deterministic val samples)
clean_train_early_blight_68064,clean_dataset\potato_dataset\train\early_blight\68064.jpg,68064.jpg,potato,early_blight,clean_dataset,train,PV_Batch_67k_69k,33619,2747ce9ad8a69b4e92fee4b59d1a58339890f4bbd0f4164682a9200fd3170096,fe0f253436329a33,224,224,RGB,JPEG,False,potato__early_blight__grp_00491,1,val,0,Held-out validation sample for LiteRT conversion parity check (first 100 deterministic val samples)
clean_train_early_blight_68071,clean_dataset\potato_dataset\train\early_blight\68071.jpg,68071.jpg,potato,early_blight,clean_dataset,train,PV_Batch_67k_69k,31788,7f7c2518bd9b75e62fb43b687ac807b2dd9156e61462209efc9cd9e8f7abd1ba,ff8fc598ca618864,224,224,RGB,JPEG,False,potato__early_blight__grp_00498,1,val,0,Held-out validation sample for LiteRT conversion parity check (first 100 deterministic val samples)
clean_train_early_blight_68084,clean_dataset\potato_dataset\train\early_blight\68084.jpg,68084.jpg,potato,early_blight,clean_dataset,train,PV_Batch_67k_69k,34504,3c5e4b7ca235e06b18bfe248aeb0f4c139896932d6779934c51053dd9144af38,8acb7fe4f058011f,224,224,RGB,JPEG,False,potato__early_blight__grp_00504,1,val,0,Held-out validation sample for LiteRT conversion parity check (first 100 deterministic val samples)
clean_train_early_blight_68108,clean_dataset\potato_dataset\train\early_blight\68108.jpg,68108.jpg,potato,early_blight,clean_dataset,train,PV_Batch_67k_69k,30599,3c858b49b1f207df6d0033804660c73d83beaeb0a41c646dd8ef0b9c7ee42036,aee4a48fc1cc9e98,224,224,RGB,JPEG,False,potato__early_blight__grp_00519,1,val,0,Held-out validation sample for LiteRT conversion parity check (first 100 deterministic val samples)
clean_train_early_blight_68118,clean_dataset\potato_dataset\train\early_blight\68118.jpg,68118.jpg,potato,early_blight,clean_dataset,train,PV_Batch_67k_69k,31273,f3126afb763b22d9785f1518a310310e93ac2a5c57f1673dedcca1ddc80cd5c9,ac2dfd6092878b9a,224,224,RGB,JPEG,False,potato__early_blight__grp_00524,1,val,0,Held-out validation sample for LiteRT conversion parity check (first 100 deterministic val samples)
clean_train_early_blight_68123,clean_dataset\potato_dataset\train\early_blight\68123.jpg,68123.jpg,potato,early_blight,clean_dataset,train,PV_Batch_67k_69k,29152,a60828f2737de3e7ac416f32c745e1b720a8e4c7d45036b0c1f756b8d2cdc980,eada818f9cb19236,224,224,RGB,JPEG,False,potato__early_blight__grp_00527,1,val,0,Held-out validation sample for LiteRT conversion parity check (first 100 deterministic val samples)
clean_train_early_blight_68124,clean_dataset\potato_dataset\train\early_blight\68124.jpg,68124.jpg,potato,early_blight,clean_dataset,train,PV_Batch_67k_69k,31984,16067ffae762ed430023764de682950d8a728822d14a82f65a9b2ed4377af56e,8a56bde8f0a582a7,224,224,RGB,JPEG,False,potato__early_blight__grp_00528,1,val,0,Held-out validation sample for LiteRT conversion parity check (first 100 deterministic val samples)
clean_train_early_blight_68127,clean_dataset\potato_dataset\train\early_blight\68127.jpg,68127.jpg,potato,early_blight,clean_dataset,train,PV_Batch_67k_69k,30092,25a23fb92085e2616a74f747a74525da6c197cde34a9145a2b1f2e97a1bb7ec0,8285bf52f94be03c,224,224,RGB,JPEG,False,potato__early_blight__grp_00531,1,val,0,Held-out validation sample for LiteRT conversion parity check (first 100 deterministic val samples)
clean_train_early_blight_68130,clean_dataset\potato_dataset\train\early_blight\68130.jpg,68130.jpg,potato,early_blight,clean_dataset,train,PV_Batch_67k_69k,34047,dfcec323c582316a5856a6f512d1223a9c890dbaf16d376986d7414dde7356d1,aa90fc5f83609567,224,224,RGB,JPEG,False,potato__early_blight__grp_00532,1,val,0,Held-out validation sample for LiteRT conversion parity check (first 100 deterministic val samples)
clean_train_early_blight_68140,clean_dataset\potato_dataset\train\early_blight\68140.jpg,68140.jpg,potato,early_blight,clean_dataset,train,PV_Batch_67k_69k,32547,14aadb717d279eb5a89f882c973cd8c4d8788bc8f4cc48c01cdc49e1ec33a4d8,aa01a036bf3a9f1b,224,224,RGB,JPEG,False,potato__early_blight__grp_00539,1,val,0,Held-out validation sample for LiteRT conversion parity check (first 100 deterministic val samples)
clean_train_early_blight_68166,clean_dataset\potato_dataset\train\early_blight\68166.jpg,68166.jpg,potato,early_blight,clean_dataset,train,PV_Batch_67k_69k,30227,15f2142c8aec6ae2ae15e87d156e5ffe939196f8441c51898d31c2162c48f7be,8b4a9e27f892a43d,224,224,RGB,JPEG,False,potato__early_blight__grp_00554,1,val,0,Held-out validation sample for LiteRT conversion parity check (first 100 deterministic val samples)
clean_train_early_blight_68182,clean_dataset\potato_dataset\train\early_blight\68182.jpg,68182.jpg,potato,early_blight,clean_dataset,train,PV_Batch_67k_69k,30765,9f8565a62a6f0ca91398b6b16c426de0f412d899ec9a67ae2e1eb3a31914a3d3,eab4a5c29692da1d,224,224,RGB,JPEG,False,potato__early_blight__grp_00566,1,val,0,Held-out validation sample for LiteRT conversion parity check (first 100 deterministic val samples)
clean_train_early_blight_68184,clean_dataset\potato_dataset\train\early_blight\68184.jpg,68184.jpg,potato,early_blight,clean_dataset,train,PV_Batch_67k_69k,30386,8ca1e5734d5b0911c72eab35ee4c9dc18153e386fcbe4101cbac11e90143b77a,8b4c356d5833de26,224,224,RGB,JPEG,False,potato__early_blight__grp_00568,1,val,0,Held-out validation sample for LiteRT conversion parity check (first 100 deterministic val samples)
clean_train_early_blight_68190,clean_dataset\potato_dataset\train\early_blight\68190.jpg,68190.jpg,potato,early_blight,clean_dataset,train,PV_Batch_67k_69k,27757,8da81e8cf7769966d5aa817406d274b8b6ae56c4bdce21cd04ec300fa68f1a06,ee8560de35c8b28d,224,224,RGB,JPEG,False,potato__early_blight__grp_00572,1,val,0,Held-out validation sample for LiteRT conversion parity check (first 100 deterministic val samples)
clean_train_early_blight_68196,clean_dataset\potato_dataset\train\early_blight\68196.jpg,68196.jpg,potato,early_blight,clean_dataset,train,PV_Batch_67k_69k,32562,297034ccc1f5354522669571eb599d58cbd55397a2385eba05b32765121f91ae,ead8b5c22dc99a8c,224,224,RGB,JPEG,False,potato__early_blight__grp_00575,1,val,0,Held-out validation sample for LiteRT conversion parity check (first 100 deterministic val samples)
clean_train_early_blight_68200,clean_dataset\potato_dataset\train\early_blight\68200.jpg,68200.jpg,potato,early_blight,clean_dataset,train,PV_Batch_67k_69k,26262,395e44c2bf2a14fdb00b025d876b40f6f120cc75e131fbada1ea44523e36c79f,ab01b49fc3d8cde0,224,224,RGB,JPEG,False,potato__early_blight__grp_00578,1,val,0,Held-out validation sample for LiteRT conversion parity check (first 100 deterministic val samples)
clean_train_early_blight_68203,clean_dataset\potato_dataset\train\early_blight\68203.jpg,68203.jpg,potato,early_blight,clean_dataset,train,PV_Batch_67k_69k,31686,a0979cf2aa9cdecb9079360cdb14c2dd0ebeda6f6668388a7607e293f48d1c63,aec26dc22dc91ac7,224,224,RGB,JPEG,False,potato__early_blight__grp_00581,1,val,0,Held-out validation sample for LiteRT conversion parity check (first 100 deterministic val samples)
clean_train_early_blight_68222,clean_dataset\potato_dataset\train\early_blight\68222.jpg,68222.jpg,potato,early_blight,clean_dataset,train,PV_Batch_67k_69k,32164,d70947f9c328a8e2205dcf033a89c3412322ebd8bc2f4a9fbd1c9a92e14e882b,ea5ba5b8d2818397,224,224,RGB,JPEG,False,potato__early_blight__grp_00595,1,val,0,Held-out validation sample for LiteRT conversion parity check (first 100 deterministic val samples)
clean_train_early_blight_68223,clean_dataset\potato_dataset\train\early_blight\68223.jpg,68223.jpg,potato,early_blight,clean_dataset,train,PV_Batch_67k_69k,34000,e45d761b0eb410b36ab38c05f5b1d4a060d2b6c0f3defac968b25319bb5e602c,899c64ca3a87b33e,224,224,RGB,JPEG,False,potato__early_blight__grp_00596,1,val,0,Held-out validation sample for LiteRT conversion parity check (first 100 deterministic val samples)
clean_train_early_blight_68225,clean_dataset\potato_dataset\train\early_blight\68225.jpg,68225.jpg,potato,early_blight,clean_dataset,train,PV_Batch_67k_69k,31062,67826d2ca587faac6e7c60fc168331ee25d063d5396626318a051f0a1e9a1dc1,d70bbd95c2d8cc41,224,224,RGB,JPEG,False,potato__early_blight__grp_00598,1,val,0,Held-out validation sample for LiteRT conversion parity check (first 100 deterministic val samples)
clean_train_early_blight_68266,clean_dataset\potato_dataset\train\early_blight\68266.jpg,68266.jpg,potato,early_blight,clean_dataset,train,PV_Batch_67k_69k,28443,87915a5788ee2be4940c8b88eb67257720b8ac2d5c7826ef82a9830b55dcb1c9,efe0a4c6968998e9,224,224,RGB,JPEG,False,potato__early_blight__grp_00628,1,val,0,Held-out validation sample for LiteRT conversion parity check (first 100 deterministic val samples)
clean_train_early_blight_68275,clean_dataset\potato_dataset\train\early_blight\68275.jpg,68275.jpg,potato,early_blight,clean_dataset,train,PV_Batch_67k_69k,31002,f6f8477adc87c8aa91d286d8a950acd3055b7b06482686e67c68775352f8463c,efa3e44e87089639,224,224,RGB,JPEG,False,potato__early_blight__grp_00635,1,val,0,Held-out validation sample for LiteRT conversion parity check (first 100 deterministic val samples)
clean_train_early_blight_68285,clean_dataset\potato_dataset\train\early_blight\68285.jpg,68285.jpg,potato,early_blight,clean_dataset,train,PV_Batch_67k_69k,32069,81766f9ab5c6720bea8a55af9ee61e546936e870708d51e4cf0f7af89d818e69,ead2a0ce9c1978b3,224,224,RGB,JPEG,False,potato__early_blight__grp_00641,1,val,0,Held-out validation sample for LiteRT conversion parity check (first 100 deterministic val samples)
clean_train_early_blight_68289,clean_dataset\potato_dataset\train\early_blight\68289.jpg,68289.jpg,potato,early_blight,clean_dataset,train,PV_Batch_67k_69k,31352,358318bef0824f107d61a301636f67e02a75676e84496c4ba5b501fa468731ab,df0ea93296e1c227,224,224,RGB,JPEG,False,potato__early_blight__grp_00643,1,val,0,Held-out validation sample for LiteRT conversion parity check (first 100 deterministic val samples)
clean_train_early_blight_68298,clean_dataset\potato_dataset\train\early_blight\68298.jpg,68298.jpg,potato,early_blight,clean_dataset,train,PV_Batch_67k_69k,30152,3a6a97b6fcd66be5eab652ea1175ff4f5198416471e1b4be45cb88633464d6ed,bae0a5c1258fd43d,224,224,RGB,JPEG,False,potato__early_blight__grp_00650,1,val,0,Held-out validation sample for LiteRT conversion parity check (first 100 deterministic val samples)
clean_train_early_blight_68324,clean_dataset\potato_dataset\train\early_blight\68324.jpg,68324.jpg,potato,early_blight,clean_dataset,train,PV_Batch_67k_69k,28944,18d5514f0a13060ffdee9709bad83e8a38899381abe65bd5fc425373794eea5a,af171f5a8c6cc864,224,224,RGB,JPEG,False,potato__early_blight__grp_00668,1,val,0,Held-out validation sample for LiteRT conversion parity check (first 100 deterministic val samples)
clean_train_early_blight_68331,clean_dataset\potato_dataset\train\early_blight\68331.jpg,68331.jpg,potato,early_blight,clean_dataset,train,PV_Batch_67k_69k,32173,78dfaf772b8ee13c6e08a94b15dface16ae82d225d668bcdce3b00f320b0978a,eae1e086879e963c,224,224,RGB,JPEG,False,potato__early_blight__grp_00675,1,val,0,Held-out validation sample for LiteRT conversion parity check (first 100 deterministic val samples)
clean_train_early_blight_68350,clean_dataset\potato_dataset\train\early_blight\68350.jpg,68350.jpg,potato,early_blight,clean_dataset,train,PV_Batch_67k_69k,33732,106d41e2609bf802840cab295141e5ac89d0d44f11a1db505468ae5fb2aa0add,ddca6a1531d6964a,224,224,RGB,JPEG,False,potato__early_blight__grp_00690,1,val,0,Held-out validation sample for LiteRT conversion parity check (first 100 deterministic val samples)
clean_train_early_blight_68358,clean_dataset\potato_dataset\train\early_blight\68358.jpg,68358.jpg,potato,early_blight,clean_dataset,train,PV_Batch_67k_69k,33061,f55d787c4d1abc95f8c5ffbd22da1ee293bf72f1a02ae443cc22cd22788e6fc1,f56caa419d2f5431,224,224,RGB,JPEG,False,potato__early_blight__grp_00694,1,val,0,Held-out validation sample for LiteRT conversion parity check (first 100 deterministic val samples)
clean_train_early_blight_68370,clean_dataset\potato_dataset\train\early_blight\68370.jpg,68370.jpg,potato,early_blight,clean_dataset,train,PV_Batch_67k_69k,33586,42455d2a86edb59ec1a148297971c716025ea26f7c696a65e9176b6601db0ff7,aaebb604c59e8e58,224,224,RGB,JPEG,False,potato__early_blight__grp_00703,1,val,0,Held-out validation sample for LiteRT conversion parity check (first 100 deterministic val samples)
clean_train_early_blight_96546,clean_dataset\potato_dataset\train\early_blight\96546.jpg,96546.jpg,potato,early_blight,clean_dataset,train,PV_Batch_96k_101k,21774,4567f3eb080af3776b34a1666c48fb5609260df2e561f6441ee38b05e12c51b3,bae591d2ca898b1d,224,224,RGB,JPEG,False,potato__early_blight__grp_00706,1,val,0,Held-out validation sample for LiteRT conversion parity check (first 100 deterministic val samples)
clean_train_early_blight_96556,clean_dataset\potato_dataset\train\early_blight\96556.jpg,96556.jpg,potato,early_blight,clean_dataset,train,PV_Batch_96k_101k,19527,84ab480d74da8d0f2606df7817dea0b292a692deccf1df53c5e2364f3478a32d,bee2b005d69eca1a,224,224,RGB,JPEG,False,potato__early_blight__grp_00713,1,val,0,Held-out validation sample for LiteRT conversion parity check (first 100 deterministic val samples)
clean_train_early_blight_96558,clean_dataset\potato_dataset\train\early_blight\96558.jpg,96558.jpg,potato,early_blight,clean_dataset,train,PV_Batch_96k_101k,10971,7d8f8f73466c3165480f680f252a34ebb756166c2387b31470b3ad2e732b9ea4,ffa4b078d03bc215,224,224,RGB,JPEG,False,potato__early_blight__grp_00715,1,val,0,Held-out validation sample for LiteRT conversion parity check (first 100 deterministic val samples)
clean_train_early_blight_96563,clean_dataset\potato_dataset\train\early_blight\96563.jpg,96563.jpg,potato,early_blight,clean_dataset,train,PV_Batch_96k_101k,19300,44707528db709355c9aedb0cb68a7e2a0d0e6f198972ee5ba8fae6242ec71985,bed4b0d0d04b8b6d,224,224,RGB,JPEG,False,potato__early_blight__grp_00719,1,val,0,Held-out validation sample for LiteRT conversion parity check (first 100 deterministic val samples)
clean_train_early_blight_96572,clean_dataset\potato_dataset\train\early_blight\96572.jpg,96572.jpg,potato,early_blight,clean_dataset,train,PV_Batch_96k_101k,21717,de79de5495b1e8c4ae5d7308196204f45c1da33903d307db7909a732b47b8fd8,fa9ae07885a08777,224,224,RGB,JPEG,False,potato__early_blight__grp_00727,1,val,0,Held-out validation sample for LiteRT conversion parity check (first 100 deterministic val samples)
clean_train_early_blight_96577,clean_dataset\potato_dataset\train\early_blight\96577.jpg,96577.jpg,potato,early_blight,clean_dataset,train,PV_Batch_96k_101k,17260,c80a5cf2c77b560dae3befa2cc8d44d1f0b4b2ca70ea8282f9051316f4e3711c,bbe3f082c30fca2c,224,224,RGB,JPEG,False,potato__early_blight__grp_00729,1,val,0,Held-out validation sample for LiteRT conversion parity check (first 100 deterministic val samples)
clean_train_early_blight_96579,clean_dataset\potato_dataset\train\early_blight\96579.jpg,96579.jpg,potato,early_blight,clean_dataset,train,PV_Batch_96k_101k,20450,72c4c09d1dca57bc97e6b24e1af4bd0fef3e5fd632e484cf28d08e41772de553,ef34b552c2a8c751,224,224,RGB,JPEG,False,potato__early_blight__grp_00731,1,val,0,Held-out validation sample for LiteRT conversion parity check (first 100 deterministic val samples)
