old_path,new_path,category,status,reason,references_found,move_risk,checksum_before,required_code_changes,rollback_action
powershell.cmd,powershell.cmd,project_configuration,protected,Crucial Windows PowerShell environment wrapper.,Operating system command line runner,protected,de343bbbf1c268cabbe23b4393c41af33986e6a70cd00891ce8890637c67103e,None. Must remain in root.,Leave in root.
evaluate_rice_robustness.py,scripts/evaluation/evaluate_rice_robustness.py,evaluation,active,Organize evaluation tools under scripts/evaluation/.,"run_inference.py, docs/specs/rice_first_pilot_implementation.md",medium,d0a183f86e8b345fe9f8499cb4cd871a2d816459ef59e7e150cb28b958b89fc8,Update ROOT_DIR = Path(__file__).resolve().parent.parent.parent,git checkout / move back to root
train_local_rice_efficientnetb3.py,scripts/training/train_local_rice_efficientnetb3.py,training_script,active,Organize training tools under scripts/training/.,docs/specs/rice_first_pilot_implementation.md,medium,e255125507b44eaa26ca7c392e775e71d2e5ff3cd8d1ed794696490b859670e3,Update ROOT_DIR = Path(__file__).resolve().parent.parent.parent,git checkout / move back to root
run_inference.py,run_inference.py,field_evaluation,active,Top-level CLI diagnostic entrypoint. Keep in root for direct operator usage.,"README.md, docs/specs/",high,c4b1bf07dd42f3f0c49058af08738ea35a3c0908e02caafcf85f1b9c4559555f,None. Remains top-level entrypoint.,Leave in root.
leaf_isolator.py,src/preprocessing/leaf_isolator.py,preprocessing,active,Core OpenCV GrabCut preprocessor belongs in library.,"run_inference.py, evaluate_rice_robustness.py",high,bf07bfa1cda4fae622c963beac30cadd2c53ad2444fb1f6bce95ff60cf1a8cc8,Provide backward-compatible root wrapper / update imports.,Move back to root.
rice_post_training_evaluation.md,docs/specs/rice_post_training_evaluation.md,reports_and_documentation,active,Consolidate pilot specifications into docs/specs/.,reports/rice/rice_teacher_post_training_report.md,low,b13d1aef45b042b5731db41cf297e5527cd73e84898d104dafe790b352c749ee,Update doc links.,Move back to root.
repo_organization_agent_prompt.md,docs/specs/repo_organization_agent_prompt.md,reports_and_documentation,active,Consolidate organization prompt into docs/specs/.,implementation_plan.md,low,bc707087ce1259d6d89e5a7d60008220008e02dada13cbf2cac20d08b7f1abdf,None.,Move back to root.
audit_reports/,reports/historical_audits/,reports_and_documentation,historical_but_keep,Eliminate parallel audit_reports/ directory; merge into unified reports/.,"test_potato_image.py, potato audit logs",low,directory_container,Update output path defaults in legacy audit scripts.,Restore audit_reports/ directory.
finaldataset/manifests/,manifests/rice/,split_and_manifest,active,Elevate manifests to top-level manifests/ directory for clear data governance.,"src/dataset.py, train_local_rice_efficientnetb3.py",medium,directory_container,Update default manifest path in src/dataset.py.,Leave in finaldataset/manifests/.
